{"v":"5.7.13","fr":29.9700012207031,"ip":0,"op":180.00000733155,"w":1080,"h":1080,"nm":"Success","ddd":0,"assets":[{"id":"comp_0","nm":"star","layers":[{"ddd":0,"ind":1,"ty":4,"nm":"Layer 1 Outlines","sr":1,"ks":{"o":{"a":0,"k":100,"ix":11},"r":{"a":1,"k":[{"i":{"x":[0.667],"y":[1]},"o":{"x":[0.333],"y":[0]},"t":15,"s":[0]},{"i":{"x":[0.833],"y":[1]},"o":{"x":[0.167],"y":[0]},"t":40,"s":[180]},{"i":{"x":[0.833],"y":[1]},"o":{"x":[0.167],"y":[0]},"t":65,"s":[290]},{"i":{"x":[0.833],"y":[1]},"o":{"x":[0.167],"y":[0]},"t":89,"s":[447]},{"i":{"x":[0.833],"y":[1]},"o":{"x":[0.167],"y":[0]},"t":121,"s":[633]},{"t":150.000006109625,"s":[807]}],"ix":10},"p":{"a":0,"k":[528.604,536.181,0],"ix":2,"l":2},"a":{"a":0,"k":[209.839,206.711,0],"ix":1,"l":2},"s":{"a":1,"k":[{"i":{"x":[0.429,0.429,0.667],"y":[1,1,1]},"o":{"x":[0.542,0.542,0.333],"y":[0,0,0]},"t":0,"s":[0,0,100]},{"i":{"x":[0.379,0.379,0.667],"y":[1,1,1]},"o":{"x":[0.686,0.686,0.333],"y":[0,0,0]},"t":15,"s":[120,120,100]},{"i":{"x":[0.429,0.429,0.667],"y":[1,1,1]},"o":{"x":[0.167,0.167,0.167],"y":[0,0,0]},"t":22,"s":[100,100,100]},{"i":{"x":[0.379,0.379,0.667],"y":[1,1,1]},"o":{"x":[0.686,0.686,0.333],"y":[0,0,0]},"t":40,"s":[120,120,100]},{"i":{"x":[0.429,0.429,0.667],"y":[1,1,1]},"o":{"x":[0.167,0.167,0.167],"y":[0,0,0]},"t":47,"s":[100,100,100]},{"i":{"x":[0.379,0.379,0.667],"y":[1,1,1]},"o":{"x":[0.686,0.686,0.333],"y":[0,0,0]},"t":65,"s":[120,120,100]},{"i":{"x":[0.429,0.429,0.667],"y":[1,1,1]},"o":{"x":[0.167,0.167,0.167],"y":[0,0,0]},"t":72,"s":[100,100,100]},{"i":{"x":[0.379,0.379,0.667],"y":[1,1,1]},"o":{"x":[0.686,0.686,0.333],"y":[0,0,0]},"t":89,"s":[120,120,100]},{"i":{"x":[0.429,0.429,0.667],"y":[1,1,1]},"o":{"x":[0.167,0.167,0.167],"y":[0,0,0]},"t":96,"s":[100,100,100]},{"i":{"x":[0.379,0.379,0.667],"y":[1,1,1]},"o":{"x":[0.686,0.686,0.333],"y":[0,0,0]},"t":121,"s":[120,120,100]},{"i":{"x":[0.429,0.429,0.667],"y":[1,1,1]},"o":{"x":[0.167,0.167,0.167],"y":[0,0,0]},"t":128,"s":[100,100,100]},{"i":{"x":[0.379,0.379,0.667],"y":[1,1,1]},"o":{"x":[0.686,0.686,0.333],"y":[0,0,0]},"t":150,"s":[120,120,100]},{"t":157.000006394741,"s":[100,100,100]}],"ix":6,"l":2}},"ao":0,"shapes":[{"ty":"gr","it":[{"ind":0,"ty":"sh","ix":1,"ks":{"a":0,"k":{"i":[[-35.471,-52.582],[5.681,4.41],[40.497,0],[52.405,-40.631],[-4.086,5.955],[0,39.87],[34.978,50.403],[-5.814,-3.813],[-41.832,0],[-50.353,33.044],[3.9,-5.719],[0,-42.098]],"o":[[4.021,5.961],[-52.166,-40.498],[-40.255,0],[-5.707,4.425],[36.209,-52.756],[0,-41.971],[-3.964,-5.712],[50.592,33.171],[42.007,0],[5.787,-3.798],[-34.243,50.226],[0,40.066]],"v":[[200.311,193.479],[191.17,201.993],[-0.303,89.187],[-190.836,201.264],[-199.933,192.703],[-101.552,3.688],[-205.428,-193.291],[-196.778,-202.191],[-0.303,-104.312],[196.803,-202.605],[205.492,-193.744],[103.196,3.688]],"c":true},"ix":2},"nm":"Path 1","mn":"ADBE Vector Shape - Group","hd":false},{"ty":"fl","c":{"a":0,"k":[0.960784373564,0.705882352941,0.098039223166,1],"ix":4},"o":{"a":0,"k":100,"ix":5},"r":1,"bm":0,"nm":"Fill 1","mn":"ADBE Vector Graphic - Fill","hd":false},{"ty":"tr","p":{"a":0,"k":[209.642,206.653],"ix":2},"a":{"a":0,"k":[0,0],"ix":1},"s":{"a":0,"k":[100,100],"ix":3},"r":{"a":0,"k":0,"ix":6},"o":{"a":0,"k":100,"ix":7},"sk":{"a":0,"k":0,"ix":4},"sa":{"a":0,"k":0,"ix":5},"nm":"Transform"}],"nm":"Group 1","np":2,"cix":2,"bm":0,"ix":1,"mn":"ADBE Vector Group","hd":false}],"ip":0,"op":899.000036617021,"st":0,"bm":0}]},{"id":"comp_1","nm":"Checklist","layers":[{"ddd":0,"ind":1,"ty":4,"nm":"Chceklist 2 Outlines 2","td":1,"sr":1,"ks":{"o":{"a":0,"k":100,"ix":11},"r":{"a":1,"k":[{"i":{"x":[0.755],"y":[1]},"o":{"x":[0.239],"y":[0]},"t":0,"s":[20.19]},{"t":25.0000010182709,"s":[0]}],"ix":10},"p":{"a":0,"k":[501.891,568.318,0],"ix":2,"l":2},"a":{"a":0,"k":[15.655,42.866,0],"ix":1,"l":2},"s":{"a":1,"k":[{"i":{"x":[0.596,0.596,0.667],"y":[1,1,1]},"o":{"x":[0.479,0.479,0.333],"y":[0,0,0]},"t":0,"s":[0,0,100]},{"t":25.0000010182709,"s":[100,100,100]}],"ix":6,"l":2}},"ao":0,"shapes":[{"ty":"gr","it":[{"ind":0,"ty":"sh","ix":1,"ks":{"a":0,"k":{"i":[[3.77,0],[3.075,3.256],[0,0],[-6.281,5.933],[-5.933,-6.282],[0,0],[0,0],[-5.827,-6.38],[6.38,-5.827],[0,0]],"o":[[-4.158,0],[0,0],[-5.933,-6.283],[6.282,-5.931],[0,0],[0,0],[6.382,-5.828],[5.827,6.38],[0,0],[-2.998,2.738]],"v":[[-21.408,54.616],[-32.786,49.713],[-73.472,6.633],[-72.841,-15.485],[-50.723,-14.853],[-20.601,17.041],[51.473,-48.788],[73.578,-47.787],[72.577,-25.683],[-10.86,50.523]],"c":true},"ix":2},"nm":"Path 1","mn":"ADBE Vector Shape - Group","hd":false},{"ty":"fl","c":{"a":0,"k":[1,1,1,1],"ix":4},"o":{"a":0,"k":100,"ix":5},"r":1,"bm":0,"nm":"Fill 1","mn":"ADBE Vector Graphic - Fill","hd":false},{"ty":"tr","p":{"a":0,"k":[79.655,54.866],"ix":2},"a":{"a":0,"k":[0,0],"ix":1},"s":{"a":0,"k":[100,100],"ix":3},"r":{"a":0,"k":0,"ix":6},"o":{"a":0,"k":100,"ix":7},"sk":{"a":0,"k":0,"ix":4},"sa":{"a":0,"k":0,"ix":5},"nm":"Transform"}],"nm":"Group 1","np":2,"cix":2,"bm":0,"ix":1,"mn":"ADBE Vector Group","hd":false}],"ip":0,"op":899.000036617021,"st":0,"bm":0},{"ddd":0,"ind":2,"ty":4,"nm":"Shape Layer 2","tt":1,"sr":1,"ks":{"o":{"a":0,"k":74,"ix":11},"r":{"a":0,"k":13.712,"ix":10},"p":{"a":1,"k":[{"i":{"x":0.667,"y":1},"o":{"x":0.333,"y":0},"t":21,"s":[389.254,538.92,0],"to":[14.667,8,0],"ti":[-72,0,0]},{"i":{"x":0.667,"y":1},"o":{"x":0.333,"y":0},"t":37,"s":[477.254,586.92,0],"to":[72,0,0],"ti":[-57.333,8,0]},{"i":{"x":0.667,"y":0.667},"o":{"x":0.167,"y":0.167},"t":46,"s":[821.254,538.92,0],"to":[0,0,0],"ti":[0,0,0]},{"i":{"x":0.667,"y":1},"o":{"x":0.167,"y":0},"t":65,"s":[821.254,538.92,0],"to":[-72,0,0],"ti":[57.333,-8,0]},{"i":{"x":0.667,"y":1},"o":{"x":0.333,"y":0},"t":78,"s":[389.254,538.92,0],"to":[-57.333,8,0],"ti":[-72,0,0]},{"i":{"x":0.667,"y":1},"o":{"x":0.333,"y":0},"t":94,"s":[477.254,586.92,0],"to":[72,0,0],"ti":[-57.333,8,0]},{"i":{"x":0.667,"y":0.667},"o":{"x":0.167,"y":0.167},"t":103,"s":[821.254,538.92,0],"to":[0,0,0],"ti":[0,0,0]},{"i":{"x":0.667,"y":1},"o":{"x":0.167,"y":0},"t":118,"s":[821.254,538.92,0],"to":[-72,0,0],"ti":[57.333,-8,0]},{"i":{"x":0.667,"y":1},"o":{"x":0.333,"y":0},"t":131,"s":[389.254,538.92,0],"to":[-57.333,8,0],"ti":[-72,0,0]},{"i":{"x":0.667,"y":1},"o":{"x":0.333,"y":0},"t":147,"s":[477.254,586.92,0],"to":[72,0,0],"ti":[-57.333,8,0]},{"t":156.00000635401,"s":[821.254,538.92,0]}],"ix":2,"l":2},"a":{"a":0,"k":[-79.5,16.5,0],"ix":1,"l":2},"s":{"a":0,"k":[226.19,100,100],"ix":6,"l":2}},"ao":0,"shapes":[{"ty":"gr","it":[{"ty":"rc","d":1,"s":{"a":0,"k":[88.5,138.5],"ix":2},"p":{"a":0,"k":[0,0],"ix":3},"r":{"a":0,"k":0,"ix":4},"nm":"Rectangle Path 1","mn":"ADBE Vector Shape - Rect","hd":false},{"ty":"fl","c":{"a":0,"k":[1,0.956862747669,0.956862747669,1],"ix":4},"o":{"a":0,"k":100,"ix":5},"r":1,"bm":0,"nm":"Fill 1","mn":"ADBE Vector Graphic - Fill","hd":false},{"ty":"tr","p":{"a":0,"k":[-81.75,17.25],"ix":2},"a":{"a":0,"k":[0,0],"ix":1},"s":{"a":0,"k":[100,100],"ix":3},"r":{"a":0,"k":0,"ix":6},"o":{"a":0,"k":100,"ix":7},"sk":{"a":0,"k":0,"ix":4},"sa":{"a":0,"k":0,"ix":5},"nm":"Transform"}],"nm":"Rectangle 1","np":3,"cix":2,"bm":0,"ix":1,"mn":"ADBE Vector Group","hd":false}],"ip":0,"op":899.000036617021,"st":0,"bm":0},{"ddd":0,"ind":3,"ty":4,"nm":"Chceklist 2 Outlines","td":1,"sr":1,"ks":{"o":{"a":0,"k":100,"ix":11},"r":{"a":1,"k":[{"i":{"x":[0.755],"y":[1]},"o":{"x":[0.239],"y":[0]},"t":0,"s":[20.19]},{"t":25.0000010182709,"s":[0]}],"ix":10},"p":{"a":0,"k":[501.891,568.318,0],"ix":2,"l":2},"a":{"a":0,"k":[15.655,42.866,0],"ix":1,"l":2},"s":{"a":1,"k":[{"i":{"x":[0.596,0.596,0.667],"y":[1,1,1]},"o":{"x":[0.479,0.479,0.333],"y":[0,0,0]},"t":0,"s":[0,0,100]},{"t":25.0000010182709,"s":[100,100,100]}],"ix":6,"l":2}},"ao":0,"shapes":[{"ty":"gr","it":[{"ind":0,"ty":"sh","ix":1,"ks":{"a":0,"k":{"i":[[3.77,0],[3.075,3.256],[0,0],[-6.281,5.933],[-5.933,-6.282],[0,0],[0,0],[-5.827,-6.38],[6.38,-5.827],[0,0]],"o":[[-4.158,0],[0,0],[-5.933,-6.283],[6.282,-5.931],[0,0],[0,0],[6.382,-5.828],[5.827,6.38],[0,0],[-2.998,2.738]],"v":[[-21.408,54.616],[-32.786,49.713],[-73.472,6.633],[-72.841,-15.485],[-50.723,-14.853],[-20.601,17.041],[51.473,-48.788],[73.578,-47.787],[72.577,-25.683],[-10.86,50.523]],"c":true},"ix":2},"nm":"Path 1","mn":"ADBE Vector Shape - Group","hd":false},{"ty":"fl","c":{"a":0,"k":[1,1,1,1],"ix":4},"o":{"a":0,"k":100,"ix":5},"r":1,"bm":0,"nm":"Fill 1","mn":"ADBE Vector Graphic - Fill","hd":false},{"ty":"tr","p":{"a":0,"k":[79.655,54.866],"ix":2},"a":{"a":0,"k":[0,0],"ix":1},"s":{"a":0,"k":[100,100],"ix":3},"r":{"a":0,"k":0,"ix":6},"o":{"a":0,"k":100,"ix":7},"sk":{"a":0,"k":0,"ix":4},"sa":{"a":0,"k":0,"ix":5},"nm":"Transform"}],"nm":"Group 1","np":2,"cix":2,"bm":0,"ix":1,"mn":"ADBE Vector Group","hd":false}],"ip":0,"op":899.000036617021,"st":0,"bm":0},{"ddd":0,"ind":4,"ty":4,"nm":"Shape Layer 1","tt":1,"sr":1,"ks":{"o":{"a":0,"k":100,"ix":11},"r":{"a":1,"k":[{"i":{"x":[0.667],"y":[1]},"o":{"x":[0.333],"y":[0]},"t":6,"s":[22.843]},{"t":26.0000010590017,"s":[1.37]}],"ix":10},"p":{"a":1,"k":[{"i":{"x":0.667,"y":1},"o":{"x":0.333,"y":0},"t":6,"s":[385.5,543,0],"to":[10.75,12.5,0],"ti":[-18.833,5.917,0]},{"t":26.0000010590017,"s":[563,582.5,0]}],"ix":2,"l":2},"a":{"a":0,"k":[-79.5,16.5,0],"ix":1,"l":2},"s":{"a":0,"k":[226.19,100,100],"ix":6,"l":2}},"ao":0,"shapes":[{"ty":"gr","it":[{"ty":"rc","d":1,"s":{"a":0,"k":[88.5,138.5],"ix":2},"p":{"a":0,"k":[0,0],"ix":3},"r":{"a":0,"k":0,"ix":4},"nm":"Rectangle Path 1","mn":"ADBE Vector Shape - Rect","hd":false},{"ty":"fl","c":{"a":0,"k":[1,1,1,1],"ix":4},"o":{"a":0,"k":100,"ix":5},"r":1,"bm":0,"nm":"Fill 1","mn":"ADBE Vector Graphic - Fill","hd":false},{"ty":"tr","p":{"a":0,"k":[-81.75,17.25],"ix":2},"a":{"a":0,"k":[0,0],"ix":1},"s":{"a":0,"k":[100,100],"ix":3},"r":{"a":0,"k":0,"ix":6},"o":{"a":0,"k":100,"ix":7},"sk":{"a":0,"k":0,"ix":4},"sa":{"a":0,"k":0,"ix":5},"nm":"Transform"}],"nm":"Rectangle 1","np":3,"cix":2,"bm":0,"ix":1,"mn":"ADBE Vector Group","hd":false}],"ip":0,"op":899.000036617021,"st":0,"bm":0}]}],"layers":[{"ddd":0,"ind":1,"ty":3,"nm":"Null 1","sr":1,"ks":{"o":{"a":0,"k":0,"ix":11},"r":{"a":0,"k":0,"ix":10},"p":{"a":0,"k":[528,563,0],"ix":2,"l":2},"a":{"a":0,"k":[48,56,0],"ix":1,"l":2},"s":{"a":0,"k":[148,148,100],"ix":6,"l":2}},"ao":0,"ip":0,"op":899.000036617021,"st":0,"bm":0},{"ddd":0,"ind":2,"ty":0,"nm":"star","parent":1,"refId":"comp_0","sr":1,"ks":{"o":{"a":0,"k":100,"ix":11},"r":{"a":0,"k":0,"ix":10},"p":{"a":0,"k":[-113,206,0],"ix":2,"l":2},"a":{"a":0,"k":[540,540,0],"ix":1,"l":2},"s":{"a":0,"k":[10,10,100],"ix":6,"l":2}},"ao":0,"w":1080,"h":1080,"ip":25.0000010182709,"op":924.000037635292,"st":25.0000010182709,"bm":0},{"ddd":0,"ind":3,"ty":0,"nm":"star","parent":1,"refId":"comp_0","sr":1,"ks":{"o":{"a":0,"k":100,"ix":11},"r":{"a":0,"k":0,"ix":10},"p":{"a":0,"k":[210,-126,0],"ix":2,"l":2},"a":{"a":0,"k":[540,540,0],"ix":1,"l":2},"s":{"a":0,"k":[6,6,100],"ix":6,"l":2}},"ao":0,"w":1080,"h":1080,"ip":18.000000733155,"op":917.000037350176,"st":18.000000733155,"bm":0},{"ddd":0,"ind":4,"ty":0,"nm":"star","parent":1,"refId":"comp_0","sr":1,"ks":{"o":{"a":0,"k":100,"ix":11},"r":{"a":0,"k":0,"ix":10},"p":{"a":0,"k":[189,196,0],"ix":2,"l":2},"a":{"a":0,"k":[540,540,0],"ix":1,"l":2},"s":{"a":0,"k":[4.556,4.556,100],"ix":6,"l":2}},"ao":0,"w":1080,"h":1080,"ip":12.00000048877,"op":911.000037105791,"st":12.00000048877,"bm":0},{"ddd":0,"ind":5,"ty":0,"nm":"star","parent":1,"refId":"comp_0","sr":1,"ks":{"o":{"a":0,"k":100,"ix":11},"r":{"a":0,"k":0,"ix":10},"p":{"a":0,"k":[257,91,0],"ix":2,"l":2},"a":{"a":0,"k":[540,540,0],"ix":1,"l":2},"s":{"a":0,"k":[8,8,100],"ix":6,"l":2}},"ao":0,"w":1080,"h":1080,"ip":8.00000032584668,"op":907.000036942867,"st":8.00000032584668,"bm":0},{"ddd":0,"ind":6,"ty":0,"nm":"star","parent":1,"refId":"comp_0","sr":1,"ks":{"o":{"a":0,"k":100,"ix":11},"r":{"a":0,"k":0,"ix":10},"p":{"a":0,"k":[-137,-94,0],"ix":2,"l":2},"a":{"a":0,"k":[540,540,0],"ix":1,"l":2},"s":{"a":0,"k":[6,6,100],"ix":6,"l":2}},"ao":0,"w":1080,"h":1080,"ip":5.00000020365417,"op":904.000036820675,"st":5.00000020365417,"bm":0},{"ddd":0,"ind":7,"ty":4,"nm":"Shape Layer 1","parent":1,"sr":1,"ks":{"o":{"a":0,"k":100,"ix":11},"r":{"a":0,"k":0,"ix":10},"p":{"a":0,"k":[28,12,0],"ix":2,"l":2},"a":{"a":0,"k":[0,0,0],"ix":1,"l":2},"s":{"a":0,"k":[100,100,100],"ix":6,"l":2}},"ao":0,"shapes":[{"ty":"gr","it":[{"ty":"tr","p":{"a":0,"k":[0,0],"ix":2},"a":{"a":0,"k":[0,0],"ix":1},"s":{"a":0,"k":[100,100],"ix":3},"r":{"a":0,"k":0,"ix":6},"o":{"a":0,"k":100,"ix":7},"sk":{"a":0,"k":0,"ix":4},"sa":{"a":0,"k":0,"ix":5},"nm":"Transform"}],"nm":"Shape 1","np":2,"cix":2,"bm":0,"ix":1,"mn":"ADBE Vector Group","hd":false}],"ip":0,"op":899.000036617021,"st":0,"bm":0},{"ddd":0,"ind":8,"ty":0,"nm":"Checklist","parent":1,"refId":"comp_1","sr":1,"ks":{"o":{"a":0,"k":100,"ix":11},"r":{"a":0,"k":0,"ix":10},"p":{"a":0,"k":[28,12,0],"ix":2,"l":2},"a":{"a":0,"k":[540,540,0],"ix":1,"l":2},"s":{"a":0,"k":[100,100,100],"ix":6,"l":2}},"ao":0,"w":1080,"h":1080,"ip":0,"op":899.000036617021,"st":0,"bm":0},{"ddd":0,"ind":9,"ty":4,"nm":"Layer 6 Outlines","parent":1,"sr":1,"ks":{"o":{"a":0,"k":100,"ix":11},"r":{"a":0,"k":0,"ix":10},"p":{"a":0,"k":[53.855,53.186,0],"ix":2,"l":2},"a":{"a":0,"k":[150.635,150.634,0],"ix":1,"l":2},"s":{"a":1,"k":[{"i":{"x":[0.355,0.355,0.667],"y":[1,1,1]},"o":{"x":[0.545,0.545,0.333],"y":[0,0,0]},"t":4,"s":[0,0,100]},{"i":{"x":[0.485,0.485,0.667],"y":[1,1,1]},"o":{"x":[0.501,0.501,0.333],"y":[0,0,0]},"t":24,"s":[120,120,100]},{"i":{"x":[0.833,0.833,0.833],"y":[1,1,1]},"o":{"x":[0.333,0.333,0.333],"y":[0,0,0]},"t":32,"s":[100,100,100]},{"i":{"x":[0.833,0.833,0.833],"y":[1,1,1]},"o":{"x":[0.167,0.167,0.167],"y":[0,0,0]},"t":48,"s":[100,100,100]},{"i":{"x":[0.833,0.833,0.833],"y":[1,1,1]},"o":{"x":[0.167,0.167,0.167],"y":[0,0,0]},"t":53,"s":[110,110,100]},{"i":{"x":[0.833,0.833,0.833],"y":[1,1,1]},"o":{"x":[0.167,0.167,0.167],"y":[0,0,0]},"t":56,"s":[100,100,100]},{"i":{"x":[0.833,0.833,0.833],"y":[1,1,1]},"o":{"x":[0.167,0.167,0.167],"y":[0,0,0]},"t":82,"s":[100,100,100]},{"i":{"x":[0.833,0.833,0.833],"y":[1,1,1]},"o":{"x":[0.167,0.167,0.167],"y":[0,0,0]},"t":87,"s":[110,110,100]},{"i":{"x":[0.833,0.833,0.833],"y":[1,1,1]},"o":{"x":[0.167,0.167,0.167],"y":[0,0,0]},"t":90,"s":[100,100,100]},{"i":{"x":[0.833,0.833,0.833],"y":[1,1,1]},"o":{"x":[0.167,0.167,0.167],"y":[0,0,0]},"t":119,"s":[100,100,100]},{"i":{"x":[0.833,0.833,0.833],"y":[1,1,1]},"o":{"x":[0.167,0.167,0.167],"y":[0,0,0]},"t":124,"s":[110,110,100]},{"i":{"x":[0.833,0.833,0.833],"y":[1,1,1]},"o":{"x":[0.167,0.167,0.167],"y":[0,0,0]},"t":127,"s":[100,100,100]},{"i":{"x":[0.833,0.833,0.833],"y":[1,1,1]},"o":{"x":[0.167,0.167,0.167],"y":[0,0,0]},"t":159,"s":[100,100,100]},{"i":{"x":[0.833,0.833,0.833],"y":[1,1,1]},"o":{"x":[0.167,0.167,0.167],"y":[0,0,0]},"t":164,"s":[110,110,100]},{"t":167.000006802049,"s":[100,100,100]}],"ix":6,"l":2}},"ao":0,"shapes":[{"ty":"gr","it":[{"ind":0,"ty":"sh","ix":1,"ks":{"a":0,"k":{"i":[[0,-83.055],[83.055,0],[0,83.055],[-83.055,0]],"o":[[0,83.055],[-83.055,0],[0,-83.055],[83.055,0]],"v":[[150.385,0],[0,150.384],[-150.385,0],[0,-150.384]],"c":true},"ix":2},"nm":"Path 1","mn":"ADBE Vector Shape - Group","hd":false},{"ty":"fl","c":{"a":0,"k":[0.960784316063,0.705882370472,0.098039217293,1],"ix":4},"o":{"a":0,"k":100,"ix":5},"r":1,"bm":0,"nm":"Fill 1","mn":"ADBE Vector Graphic - Fill","hd":false},{"ty":"tr","p":{"a":0,"k":[150.635,150.634],"ix":2},"a":{"a":0,"k":[0,0],"ix":1},"s":{"a":0,"k":[100,100],"ix":3},"r":{"a":0,"k":0,"ix":6},"o":{"a":0,"k":100,"ix":7},"sk":{"a":0,"k":0,"ix":4},"sa":{"a":0,"k":0,"ix":5},"nm":"Transform"}],"nm":"Group 1","np":2,"cix":2,"bm":0,"ix":1,"mn":"ADBE Vector Group","hd":false}],"ip":4.00000016292334,"op":903.000036779944,"st":4.00000016292334,"bm":0},{"ddd":0,"ind":10,"ty":4,"nm":"Layer 7 Outlines","parent":1,"sr":1,"ks":{"o":{"a":0,"k":100,"ix":11},"r":{"a":0,"k":0,"ix":10},"p":{"a":0,"k":[53.855,53.186,0],"ix":2,"l":2},"a":{"a":0,"k":[183.613,183.613,0],"ix":1,"l":2},"s":{"a":1,"k":[{"i":{"x":[0.516,0.516,0.667],"y":[1,1,1]},"o":{"x":[0.486,0.486,0.333],"y":[0,0,0]},"t":0,"s":[0,0,100]},{"i":{"x":[0.453,0.453,0.667],"y":[1,1,1]},"o":{"x":[0.498,0.498,0.333],"y":[0,0,0]},"t":20,"s":[120,120,100]},{"i":{"x":[0.833,0.833,0.833],"y":[1,1,1]},"o":{"x":[0.333,0.333,0.333],"y":[0,0,0]},"t":28,"s":[100,100,100]},{"i":{"x":[0.833,0.833,0.833],"y":[1,1,1]},"o":{"x":[0.167,0.167,0.167],"y":[0,0,0]},"t":45,"s":[100,100,100]},{"i":{"x":[0.833,0.833,0.833],"y":[1,1,1]},"o":{"x":[0.167,0.167,0.167],"y":[0,0,0]},"t":51,"s":[110,110,100]},{"i":{"x":[0.833,0.833,0.833],"y":[1,1,1]},"o":{"x":[0.167,0.167,0.167],"y":[0,0,0]},"t":56,"s":[100,100,100]},{"i":{"x":[0.833,0.833,0.833],"y":[1,1,1]},"o":{"x":[0.167,0.167,0.167],"y":[0,0,0]},"t":80,"s":[100,100,100]},{"i":{"x":[0.833,0.833,0.833],"y":[1,1,1]},"o":{"x":[0.167,0.167,0.167],"y":[0,0,0]},"t":86,"s":[110,110,100]},{"i":{"x":[0.833,0.833,0.833],"y":[1,1,1]},"o":{"x":[0.167,0.167,0.167],"y":[0,0,0]},"t":91,"s":[100,100,100]},{"i":{"x":[0.833,0.833,0.833],"y":[1,1,1]},"o":{"x":[0.167,0.167,0.167],"y":[0,0,0]},"t":116,"s":[100,100,100]},{"i":{"x":[0.833,0.833,0.833],"y":[1,1,1]},"o":{"x":[0.167,0.167,0.167],"y":[0,0,0]},"t":122,"s":[110,110,100]},{"i":{"x":[0.833,0.833,0.833],"y":[1,1,1]},"o":{"x":[0.167,0.167,0.167],"y":[0,0,0]},"t":127,"s":[100,100,100]},{"i":{"x":[0.833,0.833,0.833],"y":[1,1,1]},"o":{"x":[0.167,0.167,0.167],"y":[0,0,0]},"t":155,"s":[100,100,100]},{"i":{"x":[0.833,0.833,0.833],"y":[1,1,1]},"o":{"x":[0.167,0.167,0.167],"y":[0,0,0]},"t":161,"s":[110,110,100]},{"t":166.000006761319,"s":[100,100,100]}],"ix":6,"l":2}},"ao":0,"shapes":[{"ty":"gr","it":[{"ind":0,"ty":"sh","ix":1,"ks":{"a":0,"k":{"i":[[0,-93.123],[93.122,0],[0,93.123],[-93.123,0]],"o":[[0,93.123],[-93.123,0],[0,-93.123],[93.122,0]],"v":[[168.614,0],[0,168.613],[-168.613,0],[0,-168.613]],"c":true},"ix":2},"nm":"Path 1","mn":"ADBE Vector Shape - Group","hd":false},{"ty":"st","c":{"a":0,"k":[0.960784316063,0.705882370472,0.098039217293,1],"ix":3},"o":{"a":0,"k":100,"ix":4},"w":{"a":0,"k":10,"ix":5},"lc":1,"lj":1,"ml":10,"bm":0,"nm":"Stroke 1","mn":"ADBE Vector Graphic - Stroke","hd":false},{"ty":"tr","p":{"a":0,"k":[183.613,183.613],"ix":2},"a":{"a":0,"k":[0,0],"ix":1},"s":{"a":0,"k":[100,100],"ix":3},"r":{"a":0,"k":0,"ix":6},"o":{"a":0,"k":100,"ix":7},"sk":{"a":0,"k":0,"ix":4},"sa":{"a":0,"k":0,"ix":5},"nm":"Transform"}],"nm":"Group 1","np":2,"cix":2,"bm":0,"ix":1,"mn":"ADBE Vector Group","hd":false}],"ip":0,"op":899.000036617021,"st":0,"bm":0},{"ddd":0,"ind":11,"ty":4,"nm":"Layer 8 Outlines","parent":1,"sr":1,"ks":{"o":{"a":0,"k":100,"ix":11},"r":{"a":0,"k":0,"ix":10},"p":{"a":0,"k":[53.855,53.186,0],"ix":2,"l":2},"a":{"a":0,"k":[225.395,225.395,0],"ix":1,"l":2},"s":{"a":1,"k":[{"i":{"x":[0.667,0.667,0.667],"y":[1,1,1]},"o":{"x":[0.333,0.333,0.333],"y":[0,0,0]},"t":0,"s":[0,0,100]},{"i":{"x":[0.667,0.667,0.667],"y":[1,1,1]},"o":{"x":[0.333,0.333,0.333],"y":[0,0,0]},"t":18,"s":[120,120,100]},{"t":26.0000010590017,"s":[100,100,100]}],"ix":6,"l":2}},"ao":0,"shapes":[{"ty":"gr","it":[{"ind":0,"ty":"sh","ix":1,"ks":{"a":0,"k":{"i":[[0,-124.344],[124.344,0],[0,124.344],[-124.344,0]],"o":[[0,124.344],[-124.344,0],[0,-124.344],[124.344,0]],"v":[[225.145,0],[0,225.145],[-225.145,0],[0,-225.145]],"c":true},"ix":2},"nm":"Path 1","mn":"ADBE Vector Shape - Group","hd":false},{"ty":"fl","c":{"a":0,"k":[0.960784373564,0.964705942191,0.972549079446,1],"ix":4},"o":{"a":0,"k":100,"ix":5},"r":1,"bm":0,"nm":"Fill 1","mn":"ADBE Vector Graphic - Fill","hd":false},{"ty":"tr","p":{"a":0,"k":[225.395,225.395],"ix":2},"a":{"a":0,"k":[0,0],"ix":1},"s":{"a":0,"k":[100,100],"ix":3},"r":{"a":0,"k":0,"ix":6},"o":{"a":0,"k":100,"ix":7},"sk":{"a":0,"k":0,"ix":4},"sa":{"a":0,"k":0,"ix":5},"nm":"Transform"}],"nm":"Group 1","np":2,"cix":2,"bm":0,"ix":1,"mn":"ADBE Vector Group","hd":false}],"ip":0,"op":899.000036617021,"st":0,"bm":0}],"markers":[]}